dataset,anchor,m,PR_mean,PR_sd_ddof0,replicates,seed
mnli_m,uniform,2,1.8112471776478172,0.022847678576013362,12,42
mnli_m,uniform,3,2.4947404571155136,0.05349409889218807,12,42
mnli_m,uniform,4,3.031750628729952,0.05440844277145768,12,42
mnli_m,uniform,5,3.5151301753604955,0.029104008392386426,12,42
mnli_m,uniform,6,3.9318584327038715,0.059525345624511346,12,42
mnli_m,uniform,7,4.358603829135499,0.1103162891430264,12,42
mnli_m,uniform,8,4.677340274097871,0.07971939516183678,12,42
mnli_m,uniform,9,4.971834679262515,0.09442069406173696,12,42
mnli_m,uniform,10,5.176082611186138,0.09064201288995734,12,42
mnli_m,uniform,11,5.4284178944732,0.08180144630833477,12,42
mnli_m,uniform,12,5.677541862830282,0.10763365619098711,12,42
mnli_m,uniform,16,6.31427285802359,0.12519666527241616,12,42
mnli_m,uniform,24,7.137129171045679,0.12521608566183567,12,42
mnli_m,uniform,32,7.699667918927865,0.14055410970220455,12,42
mnli_m,uniform,48,8.311548471642782,0.08393236923389998,12,42
mnli_m,uniform,64,8.609743122409325,0.09698600038046615,12,42
mnli_m,uniform,96,8.942006655577126,0.09916421420419942,12,42
mnli_m,uniform,128,9.162571771857246,0.05373056521883316,12,42
mnli_m,mode_h,2,1.7831091660362979,0.02276264672794516,12,42
mnli_m,mode_h,3,2.4062247461406443,0.04365455124184662,12,42
mnli_m,mode_h,4,2.921106450368935,0.038751891134041594,12,42
mnli_m,mode_h,5,3.3687326786924157,0.05815008319395683,12,42
mnli_m,mode_h,6,3.7376699662016803,0.04105634150880709,12,42
mnli_m,mode_h,7,4.05744777136708,0.04378907485874876,12,42
mnli_m,mode_h,8,4.311378641957677,0.02981015487653903,12,42
mnli_m,mode_h,9,4.592944701724374,0.07341785395687131,12,42
mnli_m,mode_h,10,4.819421160365157,0.06806716601376675,12,42
mnli_m,mode_h,11,5.011918075391874,0.07055699699289171,12,42
mnli_m,mode_h,12,5.179438717462985,0.05391755141395624,12,42
mnli_m,mode_h,16,5.660782110314145,0.11934599964671215,12,42
mnli_m,mode_h,24,6.341548469182761,0.08229470665795026,12,42
mnli_m,mode_h,32,6.707093070198194,0.08083148214576938,12,42
mnli_m,mode_h,48,7.156625833306524,0.08746542490457553,12,42
mnli_m,mode_h,64,7.40536855445885,0.06046741448228723,12,42
mnli_m,mode_h,96,7.6455378118712325,0.07979958999638506,12,42
mnli_m,mode_h,128,7.850576726302795,0.06457866278438619,12,42
mnli_m,h,2,1.998199359103327,0.002393909856627485,12,42
mnli_m,h,3,2.9934657647341893,0.006422478699377262,12,42
mnli_m,h,4,3.9873989345807743,0.005574812306938862,12,42
mnli_m,h,5,4.982034368565276,0.006784348031656009,12,42
mnli_m,h,6,5.9756186339092245,0.005117295499647992,12,42
mnli_m,h,7,6.970158939556982,0.008154419378341327,12,42
mnli_m,h,8,7.961669325189653,0.011193549453774092,12,42
mnli_m,h,9,8.940226275317317,0.015937350223454244,12,42
mnli_m,h,10,9.93116236184569,0.014126932672398628,12,42
mnli_m,h,11,10.909826329808766,0.014097020538158206,12,42
mnli_m,h,12,11.89228163885492,0.0190437569960042,12,42
mnli_m,h,16,15.82050857585199,0.017543685822941177,12,42
mnli_m,h,24,23.58381590650335,0.04575397072505174,12,42
mnli_m,h,32,31.255063583766614,0.06851011489140159,12,42
mnli_m,h,48,46.29232106589884,0.06796037482677104,12,42
mnli_m,h,64,60.97365921729448,0.10214987289485393,12,42
mnli_m,h,96,89.34542950880297,0.0659372282073577,12,42
mnli_m,h,128,116.47679190475544,0.16836769751205607,12,42
snli,uniform,2,1.6028364492587375,0.016441497253221173,12,42
snli,uniform,3,2.001586383031392,0.026430909654964127,12,42
snli,uniform,4,2.3071193007385804,0.030221490040266013,12,42
snli,uniform,5,2.5442205754639753,0.06561840615142855,12,42
snli,uniform,6,2.7272229626079003,0.03300665634134684,12,42
snli,uniform,7,2.8539752959600633,0.043511989694741134,12,42
snli,uniform,8,3.002851558786462,0.06423648296800298,12,42
snli,uniform,9,3.0794951813092486,0.05079581194712779,12,42
snli,uniform,10,3.1494334512924476,0.04632270712798051,12,42
snli,uniform,11,3.2276088887153738,0.040503544034823064,12,42
snli,uniform,12,3.2831007294170202,0.046410648554138303,12,42
snli,uniform,16,3.456577850808477,0.048325049292952935,12,42
snli,uniform,24,3.643925124423595,0.05689100308752521,12,42
snli,uniform,32,3.7882384282815518,0.030111803036624998,12,42
snli,uniform,48,3.9129284176600554,0.03491559997558011,12,42
snli,uniform,64,3.9508363890758535,0.043153695795654014,12,42
snli,uniform,96,4.019884632772317,0.023825830780327902,12,42
snli,uniform,128,4.070423710990125,0.03503141893766662,12,42
snli,mode_h,2,1.8257659465790208,0.019508189323012147,12,42
snli,mode_h,3,2.509019337948519,0.034686450967840905,12,42
snli,mode_h,4,3.1019738760586737,0.059923475956418684,12,42
snli,mode_h,5,3.6154192101325546,0.11010021922452941,12,42
snli,mode_h,6,4.026895532369163,0.06740879944357485,12,42
snli,mode_h,7,4.451789471691533,0.07301723357553917,12,42
snli,mode_h,8,4.724278920201954,0.11658459733928431,12,42
snli,mode_h,9,5.028320932636158,0.09227730583352071,12,42
snli,mode_h,10,5.339038432722625,0.08503866313627464,12,42
snli,mode_h,11,5.5977583297392535,0.14512740275936198,12,42
snli,mode_h,12,5.862294660483193,0.09815818806468264,12,42
snli,mode_h,16,6.52057293591297,0.11481816383348299,12,42
snli,mode_h,24,7.416026953269244,0.13141782189042545,12,42
snli,mode_h,32,7.998696561755381,0.09492534185609906,12,42
snli,mode_h,48,8.599793845375174,0.1153938073068087,12,42
snli,mode_h,64,9.00146945675137,0.1709571013437752,12,42
snli,mode_h,96,9.38828201776762,0.0823636562620514,12,42
snli,mode_h,128,9.620537877290166,0.04630732477392497,12,42
snli,h,2,1.999118819711028,0.001532656592796607,12,42
snli,h,3,2.9952291808396585,0.0035028768757069794,12,42
snli,h,4,3.9916988067810837,0.005252065875030557,12,42
snli,h,5,4.978401783866903,0.011825323949265634,12,42
snli,h,6,5.964801495104074,0.015858606878378652,12,42
snli,h,7,6.960009668022391,0.013943706093917542,12,42
snli,h,8,7.9462831419996425,0.01633962116470956,12,42
snli,h,9,8.931776815665506,0.01356398394108492,12,42
snli,h,10,9.901000176834094,0.015124909442377635,12,42
snli,h,11,10.893706398887888,0.01829529606069161,12,42
snli,h,12,11.864059772146943,0.01677709271424661,12,42
snli,h,16,15.75944695822699,0.03006479289894617,12,42
snli,h,24,23.448267784544772,0.040779654702240924,12,42
snli,h,32,31.00573820575924,0.05634744438193573,12,42
snli,h,48,45.81349238014488,0.08272708987874125,12,42
snli,h,64,60.12747308020416,0.08120147821243566,12,42
snli,h,96,87.52469154360035,0.17677742332673227,12,42
snli,h,128,113.35393289861695,0.2075868670872381,12,42
alphanli,uniform,2,1.3872335185185085,0.02122533771338687,12,42
alphanli,uniform,3,1.6000936248007998,0.030954591798207965,12,42
alphanli,uniform,4,1.7322265516263344,0.028742225927219842,12,42
alphanli,uniform,5,1.7869200450139768,0.04697140840975447,12,42
alphanli,uniform,6,1.8527481089390505,0.03245572355109801,12,42
alphanli,uniform,7,1.8973453986822146,0.031238279978867446,12,42
alphanli,uniform,8,1.9422621191545686,0.039275607969617855,12,42
alphanli,uniform,9,1.9709493603981993,0.02344835508270027,12,42
alphanli,uniform,10,1.9948345156046434,0.020741800326100148,12,42
alphanli,uniform,11,2.0282462459679262,0.02598095150338192,12,42
alphanli,uniform,12,2.039059817948226,0.04272902136144278,12,42
alphanli,uniform,16,2.0770951127588115,0.029326280809901375,12,42
alphanli,uniform,24,2.1254680401096535,0.03117784987514834,12,42
alphanli,uniform,32,2.153508426679173,0.021078009487805756,12,42
alphanli,uniform,48,2.191547070008289,0.016027452265703245,12,42
alphanli,uniform,64,2.203703078930733,0.018426345331075365,12,42
alphanli,uniform,96,2.2139850889692045,0.01465198587069105,12,42
alphanli,uniform,128,2.21564152380831,0.012608735753269562,12,42
alphanli,mode_h,2,1.8735739050500568,0.032436110279580405,12,42
alphanli,mode_h,3,2.60759143120559,0.08365905837336654,12,42
alphanli,mode_h,4,3.2738355557521444,0.07484714317470637,12,42
alphanli,mode_h,5,3.869656849783277,0.08864798321762155,12,42
alphanli,mode_h,6,4.422547041162095,0.16065781806903306,12,42
alphanli,mode_h,7,4.860957545227373,0.11481492075155887,12,42
alphanli,mode_h,8,5.331850109876589,0.12315748009466129,12,42
alphanli,mode_h,9,5.74611732119338,0.15078046996145208,12,42
alphanli,mode_h,10,6.1000038432201835,0.22750441954688513,12,42
alphanli,mode_h,11,6.421597067382106,0.22467185505941442,12,42
alphanli,mode_h,12,6.721503230847433,0.2281531993464138,12,42
alphanli,mode_h,16,7.7697678582487555,0.19581434335217326,12,42
alphanli,mode_h,24,9.057239320994439,0.20359834613502528,12,42
alphanli,mode_h,32,9.890859404207953,0.28297954330893493,12,42
alphanli,mode_h,48,11.025101434450704,0.3242583023036783,12,42
alphanli,mode_h,64,11.464417369362112,0.31690304478398107,12,42
alphanli,mode_h,96,12.214289653587196,0.2325478051549335,12,42
alphanli,mode_h,128,12.625003947713504,0.21366456606722697,12,42
alphanli,h,2,1.9969056684203237,0.0026306408232360857,12,42
alphanli,h,3,2.9837537531864076,0.007612506755113742,12,42
alphanli,h,4,3.9788324355285485,0.008790374360080495,12,42
alphanli,h,5,4.955233375651348,0.014249690690513706,12,42
alphanli,h,6,5.942898572200572,0.026662508253798956,12,42
alphanli,h,7,6.913399163735843,0.024759783357606955,12,42
alphanli,h,8,7.900965473072367,0.025925102860109198,12,42
alphanli,h,9,8.846726155727032,0.02631147629321314,12,42
alphanli,h,10,9.836384875043896,0.03083970283912659,12,42
alphanli,h,11,10.796587456916392,0.033189656482126226,12,42
alphanli,h,12,11.754904580537186,0.06149170185106685,12,42
alphanli,h,16,15.54062074177577,0.052591394890572095,12,42
alphanli,h,24,22.974346069239562,0.05276460806765304,12,42
alphanli,h,32,30.19407050496738,0.08674539087772831,12,42
alphanli,h,48,44.04227840957251,0.14435681181734433,12,42
alphanli,h,64,57.143580861514714,0.19975599616138912,12,42
alphanli,h,96,81.03008330102564,0.23719715378222725,12,42
alphanli,h,128,102.65402376409264,0.48088123689688284,12,42
